model,horizon_min,mae_c,rmse_c,count,inference_s,scenario,heldout_distribution_shift
persistence,5,0.09830183535814285,0.12611256539821625,312,0.0008070000039879233,burst,False
persistence,10,0.18345271050930023,0.24205227196216583,312,0.0008070000039879233,burst,False
persistence,15,0.35876405239105225,0.49635055661201477,312,0.0008070000039879233,burst,False
persistence,30,1.280210018157959,1.4952231645584106,312,0.0008070000039879233,burst,False
persistence,60,3.149155616760254,3.2307374477386475,312,0.0008070000039879233,burst,False
persistence,5,0.11039844155311584,0.14010649919509888,312,0.0008070000039879233,cooling_degradation,False
persistence,10,0.17544539272785187,0.22127236425876617,312,0.0008070000039879233,cooling_degradation,False
persistence,15,0.23881901800632477,0.30688562989234924,312,0.0008070000039879233,cooling_degradation,False
persistence,30,0.43648606538772583,0.5587390661239624,312,0.0008070000039879233,cooling_degradation,False
persistence,60,0.958362877368927,1.2082685232162476,312,0.0008070000039879233,cooling_degradation,False
persistence,5,0.12227123975753784,0.1661982387304306,8508,0.0008070000039879233,hot_ambient,True
persistence,10,0.1972106546163559,0.2784680724143982,8508,0.0008070000039879233,hot_ambient,True
persistence,15,0.26897871494293213,0.3821517527103424,8508,0.0008070000039879233,hot_ambient,True
persistence,30,0.4547550082206726,0.6397530436515808,8508,0.0008070000039879233,hot_ambient,True
persistence,60,0.75067138671875,0.9966062307357788,8508,0.0008070000039879233,hot_ambient,True
persistence,5,0.11137064546346664,0.1373022198677063,312,0.0008070000039879233,normal,False
persistence,10,0.16507190465927124,0.20514988899230957,312,0.0008070000039879233,normal,False
persistence,15,0.2101014405488968,0.25575974583625793,312,0.0008070000039879233,normal,False
persistence,30,0.30108949542045593,0.36927932500839233,312,0.0008070000039879233,normal,False
persistence,60,0.5111613869667053,0.6043174862861633,312,0.0008070000039879233,normal,False
persistence,5,0.1531941443681717,0.2139226198196411,8508,0.0008070000039879233,skewed,True
persistence,10,0.26718413829803467,0.38422104716300964,8508,0.0008070000039879233,skewed,True
persistence,15,0.3794804513454437,0.5473661422729492,8508,0.0008070000039879233,skewed,True
persistence,30,0.6908735632896423,0.9847678542137146,8508,0.0008070000039879233,skewed,True
persistence,60,1.2220414876937866,1.6408182382583618,8508,0.0008070000039879233,skewed,True
physics,5,0.33393922448158264,0.3525884747505188,312,5.319999763742089e-05,burst,False
physics,10,0.6840916275978088,0.7351134419441223,312,5.319999763742089e-05,burst,False
physics,15,1.1042248010635376,1.2239110469818115,312,5.319999763742089e-05,burst,False
physics,30,2.7208025455474854,2.885847330093384,312,5.319999763742089e-05,burst,False
physics,60,5.15758752822876,5.248945713043213,312,5.319999763742089e-05,burst,False
physics,5,0.3301929533481598,0.3506593108177185,312,5.319999763742089e-05,cooling_degradation,False
physics,10,0.5938385128974915,0.6163191795349121,312,5.319999763742089e-05,cooling_degradation,False
physics,15,0.8042829632759094,0.831332802772522,312,5.319999763742089e-05,cooling_degradation,False
physics,30,1.2507641315460205,1.3104383945465088,312,5.319999763742089e-05,cooling_degradation,False
physics,60,1.600786805152893,1.861528992652893,312,5.319999763742089e-05,cooling_degradation,False
physics,5,0.3320828378200531,0.3520321846008301,8508,5.319999763742089e-05,hot_ambient,True
physics,10,0.6058316230773926,0.6300827264785767,8508,5.319999763742089e-05,hot_ambient,True
physics,15,0.8310287594795227,0.8616327047348022,8508,5.319999763742089e-05,hot_ambient,True
physics,30,1.2956032752990723,1.351918339729309,8508,5.319999763742089e-05,hot_ambient,True
physics,60,1.7085254192352295,1.833501935005188,8508,5.319999763742089e-05,hot_ambient,True
physics,5,0.37843868136405945,0.39412397146224976,312,5.319999763742089e-05,normal,False
physics,10,0.6760193109512329,0.6924353837966919,312,5.319999763742089e-05,normal,False
physics,15,0.8971834182739258,0.9161298871040344,312,5.319999763742089e-05,normal,False
physics,30,1.2315014600753784,1.2629475593566895,312,5.319999763742089e-05,normal,False
physics,60,1.0603159666061401,1.1075128316879272,312,5.319999763742089e-05,normal,False
physics,5,0.34820765256881714,0.37471967935562134,8508,5.319999763742089e-05,skewed,True
physics,10,0.6381040811538696,0.6753438115119934,8508,5.319999763742089e-05,skewed,True
physics,15,0.8813126087188721,0.9304410219192505,8508,5.319999763742089e-05,skewed,True
physics,30,1.4023611545562744,1.494127631187439,8508,5.319999763742089e-05,skewed,True
physics,60,1.9095488786697388,2.1314704418182373,8508,5.319999763742089e-05,skewed,True
ridge,5,0.4616856575012207,0.5040306448936462,312,0.006206800011568703,burst,False
ridge,10,1.19987952709198,1.2720099687576294,312,0.006206800011568703,burst,False
ridge,15,2.2417774200439453,2.3567070960998535,312,0.006206800011568703,burst,False
ridge,30,5.011135101318359,5.191932201385498,312,0.006206800011568703,burst,False
ridge,60,5.74923849105835,5.925894737243652,312,0.006206800011568703,burst,False
ridge,5,0.34657731652259827,0.36617475748062134,312,0.006206800011568703,cooling_degradation,False
ridge,10,0.9184568524360657,0.9369064569473267,312,0.006206800011568703,cooling_degradation,False
ridge,15,1.670085072517395,1.6899715662002563,312,0.006206800011568703,cooling_degradation,False
ridge,30,3.097719669342041,3.1383097171783447,312,0.006206800011568703,cooling_degradation,False
ridge,60,9.52607250213623,9.579030990600586,312,0.006206800011568703,cooling_degradation,False
ridge,5,0.13815033435821533,0.1801358014345169,8508,0.006206800011568703,hot_ambient,True
ridge,10,0.30937445163726807,0.4187472462654114,8508,0.006206800011568703,hot_ambient,True
ridge,15,0.5462509393692017,0.7521253228187561,8508,0.006206800011568703,hot_ambient,True
ridge,30,0.9789772629737854,1.3032126426696777,8508,0.006206800011568703,hot_ambient,True
ridge,60,4.9914445877075195,6.033182144165039,8508,0.006206800011568703,hot_ambient,True
ridge,5,0.3887839615345001,0.4023468494415283,312,0.006206800011568703,normal,False
ridge,10,0.9800004363059998,0.9910152554512024,312,0.006206800011568703,normal,False
ridge,15,1.7277209758758545,1.7374763488769531,312,0.006206800011568703,normal,False
ridge,30,2.9987895488739014,3.010999917984009,312,0.006206800011568703,normal,False
ridge,60,10.03933048248291,10.054059982299805,312,0.006206800011568703,normal,False
ridge,5,0.22926992177963257,0.2869201600551605,8508,0.006206800011568703,skewed,True
ridge,10,0.5108469724655151,0.636460542678833,8508,0.006206800011568703,skewed,True
ridge,15,0.8627519011497498,1.0799086093902588,8508,0.006206800011568703,skewed,True
ridge,30,1.6110279560089111,2.034726619720459,8508,0.006206800011568703,skewed,True
ridge,60,3.9229507446289062,4.946498394012451,8508,0.006206800011568703,skewed,True
random_forest,5,1.8665958050198304,2.6896481710309623,312,0.025461100012762472,burst,False
random_forest,10,1.845748032517817,2.6505654906442033,312,0.025461100012762472,burst,False
random_forest,15,1.938655198120465,2.725688407026986,312,0.025461100012762472,burst,False
random_forest,30,2.477146194063707,3.095147335294658,312,0.025461100012762472,burst,False
random_forest,60,2.1547294899373637,2.6247969086980456,312,0.025461100012762472,burst,False
random_forest,5,0.6584506843316974,0.838057985301433,312,0.025461100012762472,cooling_degradation,False
random_forest,10,0.8174586635776707,1.0200696964300482,312,0.025461100012762472,cooling_degradation,False
random_forest,15,0.9771469103285835,1.2589932119751572,312,0.025461100012762472,cooling_degradation,False
random_forest,30,1.2349634941723313,1.6944396777819581,312,0.025461100012762472,cooling_degradation,False
random_forest,60,2.0210980730350268,2.2256441531354807,312,0.025461100012762472,cooling_degradation,False
random_forest,5,0.5795498553355006,0.9010216470733404,8508,0.025461100012762472,hot_ambient,True
random_forest,10,0.7790776908970014,1.070496974927689,8508,0.025461100012762472,hot_ambient,True
random_forest,15,0.9587991026577952,1.2695026789362829,8508,0.025461100012762472,hot_ambient,True
random_forest,30,1.2375526499276266,1.6381399820187152,8508,0.025461100012762472,hot_ambient,True
random_forest,60,1.2297867730519498,1.4910194925441134,8508,0.025461100012762472,hot_ambient,True
random_forest,5,0.49772992612804845,0.7664751311751498,312,0.025461100012762472,normal,False
random_forest,10,0.5681781745969832,0.8045980380613493,312,0.025461100012762472,normal,False
random_forest,15,0.6331752068208526,0.8336904709016161,312,0.025461100012762472,normal,False
random_forest,30,0.6820178359025137,0.7815352398693116,312,0.025461100012762472,normal,False
random_forest,60,1.6239516735507566,1.7835664885275053,312,0.025461100012762472,normal,False
random_forest,5,1.9611276438111827,3.4124226295864304,8508,0.025461100012762472,skewed,True
random_forest,10,2.0374898252427056,3.3706142407326225,8508,0.025461100012762472,skewed,True
random_forest,15,2.1122952045200214,3.3413768712042393,8508,0.025461100012762472,skewed,True
random_forest,30,2.1720162257635565,3.0625996562972264,8508,0.025461100012762472,skewed,True
random_forest,60,1.9631836057074419,2.330970152859915,8508,0.025461100012762472,skewed,True
gradient_boosting,5,2.0259643702823475,2.8758361736804625,312,0.02830730000277981,burst,False
gradient_boosting,10,2.1143661858624823,3.005519264322344,312,0.02830730000277981,burst,False
gradient_boosting,15,2.3182718264797924,3.2257530426302674,312,0.02830730000277981,burst,False
gradient_boosting,30,3.315227131921197,4.164127681773139,312,0.02830730000277981,burst,False
gradient_boosting,60,4.524701755111943,5.3099978418723985,312,0.02830730000277981,burst,False
gradient_boosting,5,0.6876320657577648,0.8900259837876237,312,0.02830730000277981,cooling_degradation,False
gradient_boosting,10,0.9020173532563325,1.1160863313058833,312,0.02830730000277981,cooling_degradation,False
gradient_boosting,15,1.102713994065238,1.3607644032466368,312,0.02830730000277981,cooling_degradation,False
gradient_boosting,30,1.3506229235105394,1.7289289244007817,312,0.02830730000277981,cooling_degradation,False
gradient_boosting,60,1.3496495665379182,1.6445299965893962,312,0.02830730000277981,cooling_degradation,False
gradient_boosting,5,0.6368014719665165,0.9722546290236912,8508,0.02830730000277981,hot_ambient,True
gradient_boosting,10,0.8614920247619323,1.168976969439457,8508,0.02830730000277981,hot_ambient,True
gradient_boosting,15,1.0569269401288748,1.3720449416883722,8508,0.02830730000277981,hot_ambient,True
gradient_boosting,30,1.3462785169110933,1.6941641547503958,8508,0.02830730000277981,hot_ambient,True
gradient_boosting,60,1.1830559174942399,1.4154411947539247,8508,0.02830730000277981,hot_ambient,True
gradient_boosting,5,0.5169215958288634,0.805172985614712,312,0.02830730000277981,normal,False
gradient_boosting,10,0.64474858194272,0.8933124628378594,312,0.02830730000277981,normal,False
gradient_boosting,15,0.6937884433693585,0.937416758546715,312,0.02830730000277981,normal,False
gradient_boosting,30,0.7625844603749914,0.9348488944978579,312,0.02830730000277981,normal,False
gradient_boosting,60,0.8553445421836778,0.9731212173624791,312,0.02830730000277981,normal,False
gradient_boosting,5,2.084322461338762,3.5709271437986345,8508,0.02830730000277981,skewed,True
gradient_boosting,10,2.1901612826563523,3.621213632396722,8508,0.02830730000277981,skewed,True
gradient_boosting,15,2.2947811857357094,3.6638590349036386,8508,0.02830730000277981,skewed,True
gradient_boosting,30,2.3998262369146706,3.5220465022015235,8508,0.02830730000277981,skewed,True
gradient_boosting,60,2.288460872327258,2.8984225248948694,8508,0.02830730000277981,skewed,True
recurrent,5,27.44736671447754,27.553403854370117,312,0.19673969999712426,burst,False
recurrent,10,26.52830696105957,26.641124725341797,312,0.19673969999712426,burst,False
recurrent,15,27.381322860717773,27.496389389038086,312,0.19673969999712426,burst,False
recurrent,30,27.433774948120117,27.566930770874023,312,0.19673969999712426,burst,False
recurrent,60,30.203519821166992,30.342727661132812,312,0.19673969999712426,burst,False
recurrent,5,24.269899368286133,24.38590431213379,312,0.19673969999712426,cooling_degradation,False
recurrent,10,23.2548828125,23.38138198852539,312,0.19673969999712426,cooling_degradation,False
recurrent,15,23.895734786987305,24.025583267211914,312,0.19673969999712426,cooling_degradation,False
recurrent,30,22.801015853881836,22.96150016784668,312,0.19673969999712426,cooling_degradation,False
recurrent,60,23.556026458740234,23.785898208618164,312,0.19673969999712426,cooling_degradation,False
recurrent,5,23.1492919921875,23.295490264892578,8508,0.19673969999712426,hot_ambient,True
recurrent,10,22.221603393554688,22.37289810180664,8508,0.19673969999712426,hot_ambient,True
recurrent,15,22.924875259399414,23.069746017456055,8508,0.19673969999712426,hot_ambient,True
recurrent,30,22.030733108520508,22.178997039794922,8508,0.19673969999712426,hot_ambient,True
recurrent,60,22.937416076660156,23.080591201782227,8508,0.19673969999712426,hot_ambient,True
recurrent,5,24.61307716369629,24.679161071777344,312,0.19673969999712426,normal,False
recurrent,10,23.686431884765625,23.756418228149414,312,0.19673969999712426,normal,False
recurrent,15,24.385669708251953,24.454736709594727,312,0.19673969999712426,normal,False
recurrent,30,23.295610427856445,23.371519088745117,312,0.19673969999712426,normal,False
recurrent,60,23.66377067565918,23.74152374267578,312,0.19673969999712426,normal,False
recurrent,5,25.295551300048828,25.73825454711914,8508,0.19673969999712426,skewed,True
recurrent,10,24.375614166259766,24.82912254333496,8508,0.19673969999712426,skewed,True
recurrent,15,25.10682487487793,25.542858123779297,8508,0.19673969999712426,skewed,True
recurrent,30,24.202299118041992,24.64301300048828,8508,0.19673969999712426,skewed,True
recurrent,60,25.219348907470703,25.626630783081055,8508,0.19673969999712426,skewed,True
hybrid,5,0.7278435826301575,0.7357100248336792,312,0.003241300000809133,burst,False
hybrid,10,1.6635488271713257,1.6870933771133423,312,0.003241300000809133,burst,False
hybrid,15,2.848841428756714,2.904629707336426,312,0.003241300000809133,burst,False
hybrid,30,5.838735103607178,5.940019130706787,312,0.003241300000809133,burst,False
hybrid,60,4.7871270179748535,4.87719202041626,312,0.003241300000809133,burst,False
hybrid,5,0.6919171214103699,0.6996789574623108,312,0.003241300000809133,cooling_degradation,False
hybrid,10,1.5214651823043823,1.5288565158843994,312,0.003241300000809133,cooling_degradation,False
hybrid,15,2.463613748550415,2.472078800201416,312,0.003241300000809133,cooling_degradation,False
hybrid,30,4.198915958404541,4.219060897827148,312,0.003241300000809133,cooling_degradation,False
hybrid,60,8.233696937561035,8.276446342468262,312,0.003241300000809133,cooling_degradation,False
hybrid,5,0.2550634443759918,0.3416942358016968,8508,0.003241300000809133,hot_ambient,True
hybrid,10,0.5313903093338013,0.7269590497016907,8508,0.003241300000809133,hot_ambient,True
hybrid,15,0.8406805992126465,1.1589010953903198,8508,0.003241300000809133,hot_ambient,True
hybrid,30,1.3860266208648682,1.866672396659851,8508,0.003241300000809133,hot_ambient,True
hybrid,60,4.582437992095947,5.4050822257995605,8508,0.003241300000809133,hot_ambient,True
hybrid,5,0.741836667060852,0.7478200197219849,312,0.003241300000809133,normal,False
hybrid,10,1.595544457435608,1.6006535291671753,312,0.003241300000809133,normal,False
hybrid,15,2.5360193252563477,2.5412116050720215,312,0.003241300000809133,normal,False
hybrid,30,4.113213062286377,4.1203389167785645,312,0.003241300000809133,normal,False
hybrid,60,8.746830940246582,8.754502296447754,312,0.003241300000809133,normal,False
hybrid,5,0.2879786193370819,0.37988048791885376,8508,0.003241300000809133,skewed,True
hybrid,10,0.6115592122077942,0.8166980743408203,8508,0.003241300000809133,skewed,True
hybrid,15,0.9914693236351013,1.3203949928283691,8508,0.003241300000809133,skewed,True
hybrid,30,1.7834763526916504,2.3194289207458496,8508,0.003241300000809133,skewed,True
hybrid,60,3.588701009750366,4.403927326202393,8508,0.003241300000809133,skewed,True
