model,horizon_min,mae_c,rmse_c,count,inference_s,rack_id
persistence,5,0.17156323790550232,0.2417466640472412,1496,0.0008070000039879233,0
persistence,10,0.3058689534664154,0.44476062059402466,1496,0.0008070000039879233,0
persistence,15,0.4372120499610901,0.6384550929069519,1496,0.0008070000039879233,0
persistence,30,0.8077695965766907,1.1507184505462646,1496,0.0008070000039879233,0
persistence,60,1.4363044500350952,1.921825885772705,1496,0.0008070000039879233,0
persistence,5,0.17176316678524017,0.2469438910484314,1496,0.0008070000039879233,1
persistence,10,0.30825719237327576,0.45497387647628784,1496,0.0008070000039879233,1
persistence,15,0.44348201155662537,0.6549080610275269,1496,0.0008070000039879233,1
persistence,30,0.8218716979026794,1.193152904510498,1496,0.0008070000039879233,1
persistence,60,1.4569463729858398,1.9491961002349854,1496,0.0008070000039879233,1
persistence,5,0.17523075640201569,0.24601608514785767,1496,0.0008070000039879233,2
persistence,10,0.3115250766277313,0.4490872919559479,1496,0.0008070000039879233,2
persistence,15,0.4485921263694763,0.6447983980178833,1496,0.0008070000039879233,2
persistence,30,0.8289548754692078,1.1726337671279907,1496,0.0008070000039879233,2
persistence,60,1.4779596328735352,1.9499601125717163,1496,0.0008070000039879233,2
persistence,5,0.1686842292547226,0.24031990766525269,1496,0.0008070000039879233,3
persistence,10,0.30195847153663635,0.43913736939430237,1496,0.0008070000039879233,3
persistence,15,0.4305207431316376,0.6270601153373718,1496,0.0008070000039879233,3
persistence,30,0.7870033979415894,1.1325024366378784,1496,0.0008070000039879233,3
persistence,60,1.3942502737045288,1.8803874254226685,1496,0.0008070000039879233,3
persistence,5,0.1190287247300148,0.16083143651485443,1496,0.0008070000039879233,4
persistence,10,0.1897301971912384,0.26182475686073303,1496,0.0008070000039879233,4
persistence,15,0.25906455516815186,0.3547114431858063,1496,0.0008070000039879233,4
persistence,30,0.4465693235397339,0.5905026793479919,1496,0.0008070000039879233,4
persistence,60,0.7677497863769531,0.9528684616088867,1496,0.0008070000039879233,4
persistence,5,0.11279947310686111,0.14939534664154053,1496,0.0008070000039879233,5
persistence,10,0.1768430471420288,0.2410966455936432,1496,0.0008070000039879233,5
persistence,15,0.24189986288547516,0.3301166296005249,1496,0.0008070000039879233,5
persistence,30,0.41690918803215027,0.568608283996582,1496,0.0008070000039879233,5
persistence,60,0.739646852016449,0.959240198135376,1496,0.0008070000039879233,5
persistence,5,0.11180492490530014,0.14939792454242706,1496,0.0008070000039879233,6
persistence,10,0.17195183038711548,0.23919403553009033,1496,0.0008070000039879233,6
persistence,15,0.23097100853919983,0.32476264238357544,1496,0.0008070000039879233,6
persistence,30,0.39462754130363464,0.5633383989334106,1496,0.0008070000039879233,6
persistence,60,0.6824730634689331,0.9389771223068237,1496,0.0008070000039879233,6
persistence,5,0.11226742714643478,0.1442478597164154,1496,0.0008070000039879233,7
persistence,10,0.17569732666015625,0.23013359308242798,1496,0.0008070000039879233,7
persistence,15,0.23503996431827545,0.31527405977249146,1496,0.0008070000039879233,7
persistence,30,0.3823475241661072,0.540073037147522,1496,0.0008070000039879233,7
persistence,60,0.6241159439086914,0.8759893774986267,1496,0.0008070000039879233,7
persistence,5,0.11941497772932053,0.15130865573883057,1496,0.0008070000039879233,8
persistence,10,0.19752606749534607,0.25109216570854187,1496,0.0008070000039879233,8
persistence,15,0.27709802985191345,0.3520689606666565,1496,0.0008070000039879233,8
persistence,30,0.4996309280395508,0.6446517705917358,1496,0.0008070000039879233,8
persistence,60,0.885621964931488,1.15079665184021,1496,0.0008070000039879233,8
persistence,5,0.12595532834529877,0.1597457379102707,1496,0.0008070000039879233,9
persistence,10,0.20985610783100128,0.26652562618255615,1496,0.0008070000039879233,9
persistence,15,0.2938739061355591,0.37200385332107544,1496,0.0008070000039879233,9
persistence,30,0.538008987903595,0.6705743670463562,1496,0.0008070000039879233,9
persistence,60,0.9452938437461853,1.1747715473175049,1496,0.0008070000039879233,9
persistence,5,0.12341918796300888,0.15900112688541412,1496,0.0008070000039879233,10
persistence,10,0.2053823620080948,0.26775071024894714,1496,0.0008070000039879233,10
persistence,15,0.2862992584705353,0.3731442391872406,1496,0.0008070000039879233,10
persistence,30,0.5166825652122498,0.6647218465805054,1496,0.0008070000039879233,10
persistence,60,0.9093526601791382,1.149495244026184,1496,0.0008070000039879233,10
persistence,5,0.12143860012292862,0.16120211780071259,1496,0.0008070000039879233,11
persistence,10,0.195770725607872,0.26424533128738403,1496,0.0008070000039879233,11
persistence,15,0.2722890079021454,0.3638780117034912,1496,0.0008070000039879233,11
persistence,30,0.49582549929618835,0.6396679878234863,1496,0.0008070000039879233,11
persistence,60,0.8626843094825745,1.087978482246399,1496,0.0008070000039879233,11
physics,5,0.38404473662376404,0.40548306703567505,1496,5.319999763742089e-05,0
physics,10,0.7122979760169983,0.7411931157112122,1496,5.319999763742089e-05,0
physics,15,0.9888920783996582,1.0291277170181274,1496,5.319999763742089e-05,0
physics,30,1.5861444473266602,1.672889232635498,1496,5.319999763742089e-05,0
physics,60,2.134371757507324,2.366103410720825,1496,5.319999763742089e-05,0
physics,5,0.3853832483291626,0.40647968649864197,1496,5.319999763742089e-05,1
physics,10,0.7104268670082092,0.7380443811416626,1496,5.319999763742089e-05,1
physics,15,0.9845420122146606,1.0209388732910156,1496,5.319999763742089e-05,1
physics,30,1.5741231441497803,1.6522023677825928,1496,5.319999763742089e-05,1
physics,60,2.0989582538604736,2.328395366668701,1496,5.319999763742089e-05,1
physics,5,0.37537896633148193,0.4002048671245575,1496,5.319999763742089e-05,2
physics,10,0.6891103386878967,0.7228342890739441,1496,5.319999763742089e-05,2
physics,15,0.9527713656425476,0.9974817037582397,1496,5.319999763742089e-05,2
physics,30,1.5246764421463013,1.617597222328186,1496,5.319999763742089e-05,2
physics,60,2.0394768714904785,2.2975051403045654,1496,5.319999763742089e-05,2
physics,5,0.39151838421821594,0.41701698303222656,1496,5.319999763742089e-05,3
physics,10,0.7155565619468689,0.7503669857978821,1496,5.319999763742089e-05,3
physics,15,0.9875809550285339,1.0331114530563354,1496,5.319999763742089e-05,3
physics,30,1.574308156967163,1.6583690643310547,1496,5.319999763742089e-05,3
physics,60,2.0979878902435303,2.325554370880127,1496,5.319999763742089e-05,3
physics,5,0.31223419308662415,0.3334255516529083,1496,5.319999763742089e-05,4
physics,10,0.5686482191085815,0.5961407423019409,1496,5.319999763742089e-05,4
physics,15,0.7811160087585449,0.8192063570022583,1496,5.319999763742089e-05,4
physics,30,1.2291167974472046,1.315268874168396,1496,5.319999763742089e-05,4
physics,60,1.6447502374649048,1.8778866529464722,1496,5.319999763742089e-05,4
physics,5,0.3086073100566864,0.3283514976501465,1496,5.319999763742089e-05,5
physics,10,0.5640066266059875,0.5899419784545898,1496,5.319999763742089e-05,5
physics,15,0.7771500945091248,0.8138371706008911,1496,5.319999763742089e-05,5
physics,30,1.2370450496673584,1.3241729736328125,1496,5.319999763742089e-05,5
physics,60,1.707274079322815,1.9229811429977417,1496,5.319999763742089e-05,5
physics,5,0.31577950716018677,0.33575841784477234,1496,5.319999763742089e-05,6
physics,10,0.5790802836418152,0.6033610701560974,1496,5.319999763742089e-05,6
physics,15,0.7999618649482727,0.8337198495864868,1496,5.319999763742089e-05,6
physics,30,1.2805215120315552,1.3556573390960693,1496,5.319999763742089e-05,6
physics,60,1.7720712423324585,1.9698114395141602,1496,5.319999763742089e-05,6
physics,5,0.3089536726474762,0.3311954438686371,1496,5.319999763742089e-05,7
physics,10,0.5681895017623901,0.5978720188140869,1496,5.319999763742089e-05,7
physics,15,0.7869058847427368,0.8276656270027161,1496,5.319999763742089e-05,7
physics,30,1.2646615505218506,1.3454251289367676,1496,5.319999763742089e-05,7
physics,60,1.7642600536346436,1.927053451538086,1496,5.319999763742089e-05,7
physics,5,0.3340199887752533,0.3530353903770447,1496,5.319999763742089e-05,8
physics,10,0.6059315800666809,0.63106369972229,1496,5.319999763742089e-05,8
physics,15,0.8328163623809814,0.8683009743690491,1496,5.319999763742089e-05,8
physics,30,1.319122552871704,1.4073173999786377,1496,5.319999763742089e-05,8
physics,60,1.7998037338256836,2.0350024700164795,1496,5.319999763742089e-05,8
physics,5,0.3310774266719818,0.35137954354286194,1496,5.319999763742089e-05,9
physics,10,0.6026086211204529,0.6281967163085938,1496,5.319999763742089e-05,9
physics,15,0.8288698196411133,0.8630072474479675,1496,5.319999763742089e-05,9
physics,30,1.314086675643921,1.392805576324463,1496,5.319999763742089e-05,9
physics,60,1.7898979187011719,2.011047840118408,1496,5.319999763742089e-05,9
physics,5,0.3248452842235565,0.34665966033935547,1496,5.319999763742089e-05,10
physics,10,0.595613956451416,0.6226470470428467,1496,5.319999763742089e-05,10
physics,15,0.8212390542030334,0.8560788631439209,1496,5.319999763742089e-05,10
physics,30,1.3004463911056519,1.3719133138656616,1496,5.319999763742089e-05,10
physics,60,1.7447606325149536,1.937058448791504,1496,5.319999763742089e-05,10
physics,5,0.31451690196990967,0.3375296890735626,1496,5.319999763742089e-05,11
physics,10,0.5705063939094543,0.598759651184082,1496,5.319999763742089e-05,11
physics,15,0.7816677689552307,0.8175802230834961,1496,5.319999763742089e-05,11
physics,30,1.2246499061584473,1.2996399402618408,1496,5.319999763742089e-05,11
physics,60,1.6136119365692139,1.7940574884414673,1496,5.319999763742089e-05,11
ridge,5,0.2516399025917053,0.310641884803772,1496,0.006206800011568703,0
ridge,10,0.5794761180877686,0.6985359191894531,1496,0.006206800011568703,0
ridge,15,0.9990839958190918,1.200818657875061,1496,0.006206800011568703,0
ridge,30,1.9533990621566772,2.3246898651123047,1496,0.006206800011568703,0
ridge,60,4.450267791748047,5.4973063468933105,1496,0.006206800011568703,0
ridge,5,0.2549594044685364,0.3130866289138794,1496,0.006206800011568703,1
ridge,10,0.5823509693145752,0.7023947238922119,1496,0.006206800011568703,1
ridge,15,1.0012247562408447,1.2050701379776,1496,0.006206800011568703,1
ridge,30,1.9502739906311035,2.319002151489258,1496,0.006206800011568703,1
ridge,60,4.45239782333374,5.5217413902282715,1496,0.006206800011568703,1
ridge,5,0.2564677298069,0.31707534193992615,1496,0.006206800011568703,2
ridge,10,0.5799090266227722,0.7063426971435547,1496,0.006206800011568703,2
ridge,15,0.9926008582115173,1.2066401243209839,1496,0.006206800011568703,2
ridge,30,1.942628264427185,2.3175806999206543,1496,0.006206800011568703,2
ridge,60,4.5240278244018555,5.560262680053711,1496,0.006206800011568703,2
ridge,5,0.2694776654243469,0.3317108154296875,1496,0.006206800011568703,3
ridge,10,0.5979424715042114,0.7304105758666992,1496,0.006206800011568703,3
ridge,15,1.0178961753845215,1.2381134033203125,1496,0.006206800011568703,3
ridge,30,1.9650110006332397,2.3488354682922363,1496,0.006206800011568703,3
ridge,60,4.527431964874268,5.547155380249023,1496,0.006206800011568703,3
ridge,5,0.15484729409217834,0.203264519572258,1496,0.006206800011568703,4
ridge,10,0.3538264334201813,0.4783889353275299,1496,0.006206800011568703,4
ridge,15,0.6252861618995667,0.8539677262306213,1496,0.006206800011568703,4
ridge,30,1.1301854848861694,1.5180261135101318,1496,0.006206800011568703,4
ridge,60,4.768039226531982,5.977434158325195,1496,0.006206800011568703,4
ridge,5,0.150685116648674,0.1922626942396164,1496,0.006206800011568703,5
ridge,10,0.35088422894477844,0.4616873562335968,1496,0.006206800011568703,5
ridge,15,0.6199645400047302,0.8326842784881592,1496,0.006206800011568703,5
ridge,30,1.1016714572906494,1.502236247062683,1496,0.006206800011568703,5
ridge,60,4.710315227508545,5.946765422821045,1496,0.006206800011568703,5
ridge,5,0.15738512575626373,0.19663313031196594,1496,0.006206800011568703,6
ridge,10,0.3624773621559143,0.4716363847255707,1496,0.006206800011568703,6
ridge,15,0.6364156603813171,0.8515870571136475,1496,0.006206800011568703,6
ridge,30,1.1207048892974854,1.5393105745315552,1496,0.006206800011568703,6
ridge,60,4.640755653381348,5.871349334716797,1496,0.006206800011568703,6
ridge,5,0.1624077558517456,0.20674455165863037,1496,0.006206800011568703,7
ridge,10,0.3728657364845276,0.4945152699947357,1496,0.006206800011568703,7
ridge,15,0.6538025736808777,0.8843915462493896,1496,0.006206800011568703,7
ridge,30,1.1462904214859009,1.592065453529358,1496,0.006206800011568703,7
ridge,60,4.616007328033447,5.78631067276001,1496,0.006206800011568703,7
ridge,5,0.16993360221385956,0.22840437293052673,1496,0.006206800011568703,8
ridge,10,0.38134944438934326,0.5314962267875671,1496,0.006206800011568703,8
ridge,15,0.6594473123550415,0.9330499172210693,1496,0.006206800011568703,8
ridge,30,1.18314790725708,1.7173997163772583,1496,0.006206800011568703,8
ridge,60,4.830440521240234,5.759758472442627,1496,0.006206800011568703,8
ridge,5,0.17176957428455353,0.22826269268989563,1496,0.006206800011568703,9
ridge,10,0.38314753770828247,0.5313051342964172,1496,0.006206800011568703,9
ridge,15,0.6597155928611755,0.9329111576080322,1496,0.006206800011568703,9
ridge,30,1.1913115978240967,1.723707914352417,1496,0.006206800011568703,9
ridge,60,4.794110298156738,5.721519470214844,1496,0.006206800011568703,9
ridge,5,0.17056222259998322,0.22129009664058685,1496,0.006206800011568703,10
ridge,10,0.3878074288368225,0.521902859210968,1496,0.006206800011568703,10
ridge,15,0.6668322682380676,0.9238789677619934,1496,0.006206800011568703,10
ridge,30,1.1847217082977295,1.706611156463623,1496,0.006206800011568703,10
ridge,60,4.785712242126465,5.718428611755371,1496,0.006206800011568703,10
ridge,5,0.16909603774547577,0.22229520976543427,1496,0.006206800011568703,11
ridge,10,0.37887558341026306,0.5162031054496765,1496,0.006206800011568703,11
ridge,15,0.6571324467658997,0.9086514115333557,1496,0.006206800011568703,11
ridge,30,1.1770100593566895,1.6740766763687134,1496,0.006206800011568703,11
ridge,60,4.877664566040039,5.800621509552002,1496,0.006206800011568703,11
random_forest,5,3.052395616803554,4.1667820073333575,1496,0.025461100012762472,0
random_forest,10,3.0343699532051964,4.098680322353158,1496,0.025461100012762472,0
random_forest,15,3.0222680038289393,4.038404326469123,1496,0.025461100012762472,0
random_forest,30,2.757152935882352,3.596823502210702,1496,0.025461100012762472,0
random_forest,60,1.5614956583263886,1.9991115030555495,1496,0.025461100012762472,0
random_forest,5,3.050898076917587,4.163069810613188,1496,0.025461100012762472,1
random_forest,10,3.0352997358927336,4.09606434371578,1496,0.025461100012762472,1
random_forest,15,3.0189557086582637,4.0370811772868676,1496,0.025461100012762472,1
random_forest,30,2.7357817912409916,3.5982924259362425,1496,0.025461100012762472,1
random_forest,60,1.601186947236978,2.0616771050014036,1496,0.025461100012762472,1
random_forest,5,2.9682840528664114,4.169402362788152,1496,0.025461100012762472,2
random_forest,10,2.9498260681338375,4.100024671661541,1496,0.025461100012762472,2
random_forest,15,2.9287605954073643,4.038217424792658,1496,0.025461100012762472,2
random_forest,30,2.6581871392547587,3.595041061143634,1496,0.025461100012762472,2
random_forest,60,1.6104750980809694,2.108220266550427,1496,0.025461100012762472,2
random_forest,5,2.9412386294794204,4.176232560806042,1496,0.025461100012762472,3
random_forest,10,2.916429160830559,4.106655312766248,1496,0.025461100012762472,3
random_forest,15,2.892600586279163,4.045717426967576,1496,0.025461100012762472,3
random_forest,30,2.588871401791443,3.5966693959205425,1496,0.025461100012762472,3
random_forest,60,1.467757675710094,2.061752712012869,1496,0.025461100012762472,3
random_forest,5,0.250272154454196,0.29736276794017386,1496,0.025461100012762472,4
random_forest,10,0.3792336128475882,0.4511179272886938,1496,0.025461100012762472,4
random_forest,15,0.503621374548684,0.5996850285762515,1496,0.025461100012762472,4
random_forest,30,0.8065638598425682,0.9520458379339494,1496,0.025461100012762472,4
random_forest,60,1.55740699989154,1.8298263114641993,1496,0.025461100012762472,4
random_forest,5,0.24576245007132544,0.29227705431055895,1496,0.025461100012762472,5
random_forest,10,0.3658317149951807,0.43691596778816305,1496,0.025461100012762472,5
random_forest,15,0.4778595573503362,0.5809305727313152,1496,0.025461100012762472,5
random_forest,30,0.7454380449263782,0.8982168218211636,1496,0.025461100012762472,5
random_forest,60,1.5432383668423657,1.8098210459330695,1496,0.025461100012762472,5
random_forest,5,0.254615288675386,0.3393731123367903,1496,0.025461100012762472,6
random_forest,10,0.37464155399948984,0.4570813568610446,1496,0.025461100012762472,6
random_forest,15,0.48756315906643705,0.5847535709946279,1496,0.025461100012762472,6
random_forest,30,0.7776928423037988,0.9014022637674912,1496,0.025461100012762472,6
random_forest,60,1.6777627703968745,1.9047830571003408,1496,0.025461100012762472,6
random_forest,5,0.2752356525919146,0.4188377893049605,1496,0.025461100012762472,7
random_forest,10,0.3870241396124841,0.5033147648908554,1496,0.025461100012762472,7
random_forest,15,0.48464671507451695,0.5984144008788636,1496,0.025461100012762472,7
random_forest,30,0.7222037839200774,0.8680394708762834,1496,0.025461100012762472,7
random_forest,60,1.626191002674836,1.8427290933382636,1496,0.025461100012762472,7
random_forest,5,0.5148669562528311,0.8010566728529204,1496,0.025461100012762472,8
random_forest,10,0.8142980923732067,1.0890952610142992,1496,0.025461100012762472,8
random_forest,15,1.0919758550277572,1.3978232475066177,1496,0.025461100012762472,8
random_forest,30,1.547634043779085,1.924444773518924,1496,0.025461100012762472,8
random_forest,60,1.5290349602802997,1.8086685421563355,1496,0.025461100012762472,8
random_forest,5,0.49050770843871566,0.8007505989060718,1496,0.025461100012762472,9
random_forest,10,0.787587937078771,1.0873625053028504,1496,0.025461100012762472,9
random_forest,15,1.0720141586730212,1.4070781551330382,1496,0.025461100012762472,9
random_forest,30,1.6189190504424102,2.0444511513133765,1496,0.025461100012762472,9
random_forest,60,1.6529166944717073,1.9915116523359588,1496,0.025461100012762472,9
random_forest,5,0.5080330625052444,0.8328744725375702,1496,0.025461100012762472,10
random_forest,10,0.8088684955839118,1.1084338479539448,1496,0.025461100012762472,10
random_forest,15,1.0943308597792745,1.4187729415296975,1496,0.025461100012762472,10
random_forest,30,1.6290376037472658,2.0131906162853586,1496,0.025461100012762472,10
random_forest,60,1.7158862777215376,2.0922824377109284,1496,0.025461100012762472,10
random_forest,5,0.5275630811370037,0.8128094527152746,1496,0.025461100012762472,11
random_forest,10,0.8388011042790454,1.1140626823429305,1496,0.025461100012762472,11
random_forest,15,1.131386907478084,1.4356483691098132,1496,0.025461100012762472,11
random_forest,30,1.71972323944094,2.0899557189031515,1496,0.025461100012762472,11
random_forest,60,1.825179035184674,2.114834371888694,1496,0.025461100012762472,11
gradient_boosting,5,3.2510628798111423,4.371292795705202,1496,0.02830730000277981,0
gradient_boosting,10,3.3204039042211577,4.427864417386534,1496,0.02830730000277981,0
gradient_boosting,15,3.3762275256362857,4.467754870336617,1496,0.02830730000277981,0
gradient_boosting,30,3.26701338314244,4.232704224945503,1496,0.02830730000277981,0
gradient_boosting,60,2.6127587517058575,3.2354455887635445,1496,0.02830730000277981,0
gradient_boosting,5,3.2302804932574123,4.366448587601799,1496,0.02830730000277981,1
gradient_boosting,10,3.3009072756503657,4.422303597477337,1496,0.02830730000277981,1
gradient_boosting,15,3.3567131255546387,4.46190383717865,1496,0.02830730000277981,1
gradient_boosting,30,3.2449817225306243,4.226883788560446,1496,0.02830730000277981,1
gradient_boosting,60,2.5496256808581177,3.2153930468315894,1496,0.02830730000277981,1
gradient_boosting,5,3.149657842551506,4.375294691021043,1496,0.02830730000277981,2
gradient_boosting,10,3.2209192540214313,4.429185170925794,1496,0.02830730000277981,2
gradient_boosting,15,3.279561960720261,4.467836782694421,1496,0.02830730000277981,2
gradient_boosting,30,3.163921284517785,4.232240975344749,1496,0.02830730000277981,2
gradient_boosting,60,2.480458026627208,3.213008090330606,1496,0.02830730000277981,2
gradient_boosting,5,3.1151763783032282,4.37617851530201,1496,0.02830730000277981,3
gradient_boosting,10,3.1842336963405615,4.428402457735107,1496,0.02830730000277981,3
gradient_boosting,15,3.2428100231054455,4.46558742046481,1496,0.02830730000277981,3
gradient_boosting,30,3.117154640606085,4.226739700024669,1496,0.02830730000277981,3
gradient_boosting,60,2.398906025479198,3.204585782420946,1496,0.02830730000277981,3
gradient_boosting,5,0.30290778634437554,0.36991478465880584,1496,0.02830730000277981,4
gradient_boosting,10,0.40416735055543584,0.4923101656774325,1496,0.02830730000277981,4
gradient_boosting,15,0.5178343879099633,0.6295881724603115,1496,0.02830730000277981,4
gradient_boosting,30,0.8387469091255237,1.000877481485057,1496,0.02830730000277981,4
gradient_boosting,60,1.2973023890112465,1.573138135762541,1496,0.02830730000277981,4
gradient_boosting,5,0.2953375983600585,0.3591545662172487,1496,0.02830730000277981,5
gradient_boosting,10,0.40101852344751343,0.49088327054404574,1496,0.02830730000277981,5
gradient_boosting,15,0.5241909625706537,0.6457328484626559,1496,0.02830730000277981,5
gradient_boosting,30,0.8218294994430191,0.9969671621704896,1496,0.02830730000277981,5
gradient_boosting,60,1.2527586106029271,1.553251079266928,1496,0.02830730000277981,5
gradient_boosting,5,0.3025605295972056,0.41394011892508653,1496,0.02830730000277981,6
gradient_boosting,10,0.3976489093614506,0.531668813663946,1496,0.02830730000277981,6
gradient_boosting,15,0.5161011658842908,0.6683544035658459,1496,0.02830730000277981,6
gradient_boosting,30,0.8007368496670597,0.9984098981320015,1496,0.02830730000277981,6
gradient_boosting,60,1.233289411721455,1.5370552274643356,1496,0.02830730000277981,6
gradient_boosting,5,0.3354406922501613,0.4996853444850331,1496,0.02830730000277981,7
gradient_boosting,10,0.42373106135052113,0.587497730731213,1496,0.02830730000277981,7
gradient_boosting,15,0.5409563817745258,0.7019067477610847,1496,0.02830730000277981,7
gradient_boosting,30,0.812245534664757,1.0103193777909192,1496,0.02830730000277981,7
gradient_boosting,60,1.1691065224258734,1.4815752622827283,1496,0.02830730000277981,7
gradient_boosting,5,0.5600069685973252,0.8286880102090015,1496,0.02830730000277981,8
gradient_boosting,10,0.9066414989453528,1.1563726881257221,1496,0.02830730000277981,8
gradient_boosting,15,1.1870030931487259,1.4577341366353225,1496,0.02830730000277981,8
gradient_boosting,30,1.6633971731034694,2.0366807014523847,1496,0.02830730000277981,8
gradient_boosting,60,1.5535127860576032,1.9572893698449039,1496,0.02830730000277981,8
gradient_boosting,5,0.5465256674860742,0.8398531491956501,1496,0.02830730000277981,9
gradient_boosting,10,0.8690597453064671,1.1435006350071286,1496,0.02830730000277981,9
gradient_boosting,15,1.1450023238741531,1.4514912553033068,1496,0.02830730000277981,9
gradient_boosting,30,1.6067227114672467,2.0247474540062176,1496,0.02830730000277981,9
gradient_boosting,60,1.5654069619718152,1.9775092586173635,1496,0.02830730000277981,9
gradient_boosting,5,0.5404506046935491,0.8552148341995341,1496,0.02830730000277981,10
gradient_boosting,10,0.8533668720496437,1.1360757231885346,1496,0.02830730000277981,10
gradient_boosting,15,1.1226037401948048,1.4261938877800497,1496,0.02830730000277981,10
gradient_boosting,30,1.5507776407124678,1.939620204716846,1496,0.02830730000277981,10
gradient_boosting,60,1.5191342469718956,1.9266497080397473,1496,0.02830730000277981,10
gradient_boosting,5,0.5198198652348801,0.801678715724603,1496,0.02830730000277981,11
gradient_boosting,10,0.8367117759198572,1.1048802207033477,1496,0.02830730000277981,11
gradient_boosting,15,1.1108765296778362,1.413653934697334,1496,0.02830730000277981,11
gradient_boosting,30,1.5493247997369688,1.926376684050179,1496,0.02830730000277981,11
gradient_boosting,60,1.514351520602476,1.8748377092127657,1496,0.02830730000277981,11
recurrent,5,28.490554809570312,28.727886199951172,1496,0.19673969999712426,0
recurrent,10,27.58820915222168,27.82407569885254,1496,0.19673969999712426,0
recurrent,15,28.321365356445312,28.543865203857422,1496,0.19673969999712426,0
recurrent,30,27.441129684448242,27.65424156188965,1496,0.19673969999712426,0
recurrent,60,28.410791397094727,28.605365753173828,1496,0.19673969999712426,0
recurrent,5,28.442790985107422,28.684925079345703,1496,0.19673969999712426,1
recurrent,10,27.534765243530273,27.776214599609375,1496,0.19673969999712426,1
recurrent,15,28.26353645324707,28.491945266723633,1496,0.19673969999712426,1
recurrent,30,27.37285804748535,27.59269905090332,1496,0.19673969999712426,1
recurrent,60,28.31494140625,28.519798278808594,1496,0.19673969999712426,1
recurrent,5,28.31499671936035,28.57265281677246,1496,0.19673969999712426,2
recurrent,10,27.401779174804688,27.660438537597656,1496,0.19673969999712426,2
recurrent,15,28.124984741210938,28.371456146240234,1496,0.19673969999712426,2
recurrent,30,27.227502822875977,27.468605041503906,1496,0.19673969999712426,2
recurrent,60,28.169286727905273,28.394773483276367,1496,0.19673969999712426,2
recurrent,5,28.27784538269043,28.54073143005371,1496,0.19673969999712426,3
recurrent,10,27.3654842376709,27.629114151000977,1496,0.19673969999712426,3
recurrent,15,28.089191436767578,28.34020233154297,1496,0.19673969999712426,3
recurrent,30,27.191722869873047,27.437028884887695,1496,0.19673969999712426,3
recurrent,60,28.132762908935547,28.36306381225586,1496,0.19673969999712426,3
recurrent,5,22.73811149597168,22.816137313842773,1496,0.19673969999712426,4
recurrent,10,21.799772262573242,21.878881454467773,1496,0.19673969999712426,4
recurrent,15,22.513797760009766,22.58921241760254,1496,0.19673969999712426,4
recurrent,30,21.59017562866211,21.669776916503906,1496,0.19673969999712426,4
recurrent,60,22.575851440429688,22.65903091430664,1496,0.19673969999712426,4
recurrent,5,22.664501190185547,22.739397048950195,1496,0.19673969999712426,5
recurrent,10,21.727834701538086,21.803478240966797,1496,0.19673969999712426,5
recurrent,15,22.44426727294922,22.51629638671875,1496,0.19673969999712426,5
recurrent,30,21.537199020385742,21.614356994628906,1496,0.19673969999712426,5
recurrent,60,22.579513549804688,22.662616729736328,1496,0.19673969999712426,5
recurrent,5,22.697391510009766,22.77444839477539,1496,0.19673969999712426,6
recurrent,10,21.7659854888916,21.84395980834961,1496,0.19673969999712426,6
recurrent,15,22.48719596862793,22.561555862426758,1496,0.19673969999712426,6
recurrent,30,21.59682273864746,21.675777435302734,1496,0.19673969999712426,6
recurrent,60,22.656518936157227,22.742176055908203,1496,0.19673969999712426,6
recurrent,5,22.694599151611328,22.777006149291992,1496,0.19673969999712426,7
recurrent,10,21.76984214782715,21.853389739990234,1496,0.19673969999712426,7
recurrent,15,22.496902465820312,22.576377868652344,1496,0.19673969999712426,7
recurrent,30,21.61964225769043,21.70252227783203,1496,0.19673969999712426,7
recurrent,60,22.69940757751465,22.784406661987305,1496,0.19673969999712426,7
recurrent,5,21.64352035522461,21.708494186401367,1496,0.19673969999712426,8
recurrent,10,20.71174430847168,20.779396057128906,1496,0.19673969999712426,8
recurrent,15,21.422189712524414,21.488786697387695,1496,0.19673969999712426,8
recurrent,30,20.54999542236328,20.629108428955078,1496,0.19673969999712426,8
recurrent,60,21.534622192382812,21.635543823242188,1496,0.19673969999712426,8
recurrent,5,21.75735855102539,21.827774047851562,1496,0.19673969999712426,9
recurrent,10,20.824087142944336,20.8964900970459,1496,0.19673969999712426,9
recurrent,15,21.53291130065918,21.60337257385254,1496,0.19673969999712426,9
recurrent,30,20.662450790405273,20.74403190612793,1496,0.19673969999712426,9
recurrent,60,21.636598587036133,21.738306045532227,1496,0.19673969999712426,9
recurrent,5,21.853057861328125,21.924427032470703,1496,0.19673969999712426,10
recurrent,10,20.91947364807129,20.992412567138672,1496,0.19673969999712426,10
recurrent,15,21.62754249572754,21.698081970214844,1496,0.19673969999712426,10
recurrent,30,20.752300262451172,20.83261489868164,1496,0.19673969999712426,10
recurrent,60,21.691587448120117,21.785762786865234,1496,0.19673969999712426,10
recurrent,5,21.8582763671875,21.922508239746094,1496,0.19673969999712426,11
recurrent,10,20.919668197631836,20.985382080078125,1496,0.19673969999712426,11
recurrent,15,21.620296478271484,21.683876037597656,1496,0.19673969999712426,11
recurrent,30,20.728330612182617,20.801889419555664,1496,0.19673969999712426,11
recurrent,60,21.620725631713867,21.704586029052734,1496,0.19673969999712426,11
hybrid,5,0.3273064196109772,0.41519200801849365,1496,0.003241300000809133,0
hybrid,10,0.7089889645576477,0.9058721661567688,1496,0.003241300000809133,0
hybrid,15,1.1597926616668701,1.4777816534042358,1496,0.003241300000809133,0
hybrid,30,2.129580020904541,2.6524453163146973,1496,0.003241300000809133,0
hybrid,60,3.875410318374634,4.7626190185546875,1496,0.003241300000809133,0
hybrid,5,0.32960042357444763,0.42165085673332214,1496,0.003241300000809133,1
hybrid,10,0.7093915343284607,0.9129990339279175,1496,0.003241300000809133,1
hybrid,15,1.1590672731399536,1.4839948415756226,1496,0.003241300000809133,1
hybrid,30,2.1321470737457275,2.6434273719787598,1496,0.003241300000809133,1
hybrid,60,3.8752429485321045,4.786000728607178,1496,0.003241300000809133,1
hybrid,5,0.3290930688381195,0.4232475161552429,1496,0.003241300000809133,2
hybrid,10,0.7011113166809082,0.9114623665809631,1496,0.003241300000809133,2
hybrid,15,1.1427276134490967,1.4774960279464722,1496,0.003241300000809133,2
hybrid,30,2.110912561416626,2.6280224323272705,1496,0.003241300000809133,2
hybrid,60,3.9353418350219727,4.828589916229248,1496,0.003241300000809133,2
hybrid,5,0.34225815534591675,0.44312262535095215,1496,0.003241300000809133,3
hybrid,10,0.7230002880096436,0.9412693977355957,1496,0.003241300000809133,3
hybrid,15,1.1742429733276367,1.5147079229354858,1496,0.003241300000809133,3
hybrid,30,2.149714946746826,2.6619222164154053,1496,0.003241300000809133,3
hybrid,60,3.943518877029419,4.807401657104492,1496,0.003241300000809133,3
hybrid,5,0.2819148898124695,0.3736850321292877,1496,0.003241300000809133,4
hybrid,10,0.5992943048477173,0.7976493239402771,1496,0.003241300000809133,4
hybrid,15,0.9601470828056335,1.2785125970840454,1496,0.003241300000809133,4
hybrid,30,1.6419779062271118,2.1176915168762207,1496,0.003241300000809133,4
hybrid,60,4.496183395385742,5.3801679611206055,1496,0.003241300000809133,4
hybrid,5,0.27206748723983765,0.3606841564178467,1496,0.003241300000809133,5
hybrid,10,0.5795719027519226,0.7761238813400269,1496,0.003241300000809133,5
hybrid,15,0.9321923851966858,1.2499686479568481,1496,0.003241300000809133,5
hybrid,30,1.5960500240325928,2.087923049926758,1496,0.003241300000809133,5
hybrid,60,4.443838596343994,5.353487968444824,1496,0.003241300000809133,5
hybrid,5,0.27801913022994995,0.36213216185569763,1496,0.003241300000809133,6
hybrid,10,0.5907782316207886,0.7834886908531189,1496,0.003241300000809133,6
hybrid,15,0.9486808776855469,1.2652760744094849,1496,0.003241300000809133,6
hybrid,30,1.604201316833496,2.1193554401397705,1496,0.003241300000809133,6
hybrid,60,4.359969615936279,5.277886867523193,1496,0.003241300000809133,6
hybrid,5,0.2859722971916199,0.3776613473892212,1496,0.003241300000809133,7
hybrid,10,0.6071370244026184,0.8102771639823914,1496,0.003241300000809133,7
hybrid,15,0.9694674015045166,1.3014956712722778,1496,0.003241300000809133,7
hybrid,30,1.6386643648147583,2.173253059387207,1496,0.003241300000809133,7
hybrid,60,4.329798698425293,5.193210124969482,1496,0.003241300000809133,7
hybrid,5,0.27733954787254333,0.3764388859272003,1496,0.003241300000809133,8
hybrid,10,0.575653076171875,0.8042000532150269,1496,0.003241300000809133,8
hybrid,15,0.9127860069274902,1.291804552078247,1496,0.003241300000809133,8
hybrid,30,1.5040991306304932,2.185230016708374,1496,0.003241300000809133,8
hybrid,60,4.434752941131592,5.1829304695129395,1496,0.003241300000809133,8
hybrid,5,0.2709934711456299,0.37315693497657776,1496,0.003241300000809133,9
hybrid,10,0.5655030012130737,0.800853967666626,1496,0.003241300000809133,9
hybrid,15,0.8973236083984375,1.2889055013656616,1496,0.003241300000809133,9
hybrid,30,1.4854621887207031,2.190417766571045,1496,0.003241300000809133,9
hybrid,60,4.410294055938721,5.149062633514404,1496,0.003241300000809133,9
hybrid,5,0.2765709459781647,0.3650337755680084,1496,0.003241300000809133,10
hybrid,10,0.5767446756362915,0.7930562496185303,1496,0.003241300000809133,10
hybrid,15,0.9105142951011658,1.2826625108718872,1496,0.003241300000809133,10
hybrid,30,1.4953675270080566,2.1813766956329346,1496,0.003241300000809133,10
hybrid,60,4.4043169021606445,5.146197319030762,1496,0.003241300000809133,10
hybrid,5,0.2680490016937256,0.36463308334350586,1496,0.003241300000809133,11
hybrid,10,0.5599836707115173,0.7856556177139282,1496,0.003241300000809133,11
hybrid,15,0.8896451592445374,1.2664086818695068,1496,0.003241300000809133,11
hybrid,30,1.4885615110397339,2.1490042209625244,1496,0.003241300000809133,11
hybrid,60,4.501733303070068,5.232198238372803,1496,0.003241300000809133,11
